{"[0, 1, 2, 5, 6, 8, 9]": {"k1": {"mean": 0.6223098810052178, "std": 0.05552280908098794}, "k3": {"mean": 0.6854827617235706, "std": 0.039982999165581824}, "k5": {"mean": 0.7074503838846911, "std": 0.02465589372764019}, "k7": {"mean": 0.7326666826787762, "std": 0.021691657875958448}, "k9": {"mean": 0.7447971412295136, "std": 0.010024438651594627}, "k11": {"mean": 0.741220244538743, "std": 0.01792855769004693}, "k13": {"mean": 0.7354223780283184, "std": 0.020706928962800637}, "k15": {"mean": 0.7349285172064778, "std": 0.018411732734211428}, "k17": {"mean": 0.7288424158078763, "std": 0.01944911594313796}, "k19": {"mean": 0.732707412073221, "std": 0.018654869345126758}, "k21": {"mean": 0.7287172507252809, "std": 0.016292180697244606}, "k25": {"mean": 0.7245233240057157, "std": 0.016155562722458775}, "k31": {"mean": 0.7098765060403993, "std": 0.02056379866294001}, "k41": {"mean": 0.7302368393989911, "std": 0.0159261505543811}, "k51": {"mean": 0.7401898652817771, "std": 0.011650909265041373}, "k61": {"mean": 0.7397372074519908, "std": 0.010043065333819398}, "k71": {"mean": 0.7388736698672844, "std": 0.009902611016367168}, "k91": {"mean": 0.7391611943590466, "std": 0.011088769582431662}, "k121": {"mean": 0.738544705584663, "std": 0.009031774363101416}, "k151": {"mean": 0.7391202789083982, "std": 0.009711113319484451}, "k181": {"mean": 0.7378042695501092, "std": 0.009516991745165852}, "k211": {"mean": 0.73916136350105, "std": 0.010686741517106118}, "k251": {"mean": 0.735706739564615, "std": 0.009509397486655033}, "k301": {"mean": 0.7364882263634198, "std": 0.00859022887085255}, "k351": {"mean": 0.7354191812444522, "std": 0.009414501243181952}, "k401": {"mean": 0.7408897918064907, "std": 0.00832731483276332}, "k501": {"mean": 0.7406430981943753, "std": 0.011457140972384941}, "k601": {"mean": 0.7404374891749117, "std": 0.011629720547947725}, "k801": {"mean": 0.7403965906384637, "std": 0.011895653835998323}, "k1001": {"mean": 0.7377644366082834, "std": 0.010809837853672436}}}