{
	"[0, 1, 2, 5, 6, 8, 9]": {
		"k1, weights: uniform": {
			"mean": 0.6223098810052178,
			"std": 0.05552280908098794
		},
		"k1, weights: distance": {
			"mean": 0.6223098810052178,
			"std": 0.05552280908098794
		},
		"k3, weights: uniform": {
			"mean": 0.6854827617235706,
			"std": 0.039982999165581824
		},
		"k3, weights: distance": {
			"mean": 0.6854005417956657,
			"std": 0.03978233195545201
		},
		"k5, weights: uniform": {
			"mean": 0.7074503838846911,
			"std": 0.02465589372764019
		},
		"k5, weights: distance": {
			"mean": 0.7072447748652276,
			"std": 0.024509514885613835
		},
		"k7, weights: uniform": {
			"mean": 0.7326666826787762,
			"std": 0.021691657875958448
		},
		"k7, weights: distance": {
			"mean": 0.7325022089945659,
			"std": 0.02173184112850667
		},
		"k9, weights: uniform": {
			"mean": 0.7447971412295136,
			"std": 0.010024438651594627
		},
		"k9, weights: distance": {
			"mean": 0.7445092277111434,
			"std": 0.010084585973198196
		},
		"k11, weights: uniform": {
			"mean": 0.741220244538743,
			"std": 0.01792855769004693
		},
		"k11, weights: distance": {
			"mean": 0.74117910920349,
			"std": 0.017788775424920633
		},
		"k13, weights: uniform": {
			"mean": 0.7354223780283184,
			"std": 0.020706928962800637
		},
		"k13, weights: distance": {
			"mean": 0.7354223780283184,
			"std": 0.020956919285187794
		},
		"k15, weights: uniform": {
			"mean": 0.7349285172064778,
			"std": 0.018411732734211428
		},
		"k15, weights: distance": {
			"mean": 0.7348462634501721,
			"std": 0.018283484940002398
		},
		"k17, weights: uniform": {
			"mean": 0.7288424158078763,
			"std": 0.01944911594313796
		},
		"k17, weights: distance": {
			"mean": 0.7286778913810648,
			"std": 0.019521259256740017
		},
		"k19, weights: uniform": {
			"mean": 0.732707412073221,
			"std": 0.018654869345126758
		},
		"k19, weights: distance": {
			"mean": 0.7327896658295265,
			"std": 0.018488973269154232
		},
		"k21, weights: uniform": {
			"mean": 0.7287172507252809,
			"std": 0.016292180697244606
		},
		"k21, weights: distance": {
			"mean": 0.7288817413236919,
			"std": 0.015781960438833127
		},
		"k25, weights: uniform": {
			"mean": 0.7245233240057157,
			"std": 0.016155562722458775
		},
		"k25, weights: distance": {
			"mean": 0.7244821210136612,
			"std": 0.015999730034054017
		}
	}
}
