{"(0, 1, 2, 3, 4, 5, 6, 7, 8, 9)": {"k1": {"mean": 0.6871347716718266, "std": 0.012072019444168162}, "k3": {"mean": 0.7159251763136243, "std": 0.010949566914003107}, "k5": {"mean": 0.726741655210115, "std": 0.011339949085589603}, "k7": {"mean": 0.7341443241356167, "std": 0.00920995406991323}, "k9": {"mean": 0.7346383371852606, "std": 0.010584173807464318}, "k11": {"mean": 0.7380517243012407, "std": 0.010038790244890274}, "k13": {"mean": 0.7379696227727381, "std": 0.006187278784328111}, "k15": {"mean": 0.7408073519939813, "std": 0.006914180796929016}, "k17": {"mean": 0.7393677336595292, "std": 0.00860550400992138}, "k19": {"mean": 0.7395326809413497, "std": 0.007030942606300314}, "k21": {"mean": 0.7420410737675638, "std": 0.009260628982096779}, "k25": {"mean": 0.7424110549860357, "std": 0.0074481634164499134}, "k31": {"mean": 0.7449615303427223, "std": 0.00513251914872337}, "k41": {"mean": 0.7460722351371538, "std": 0.007763835254953782}, "k51": {"mean": 0.7477992933923661, "std": 0.00723844621330868}, "k61": {"mean": 0.7469355528372555, "std": 0.008750944625985201}, "k71": {"mean": 0.7468124851155038, "std": 0.008273019143327627}, "k91": {"mean": 0.7490741674154019, "std": 0.007246763169954015}, "k121": {"mean": 0.747264753918682, "std": 0.006673663515796429}, "k151": {"mean": 0.7476763271558163, "std": 0.003631960488282237}}}