{
	"(0, 1, 2, 3, 4, 5, 6, 7, 8, 9)": {
		"kernel: linear, C: 0.5": {
			"mean": 0.7302024182296061,
			"std": 0.009167475873476999
		},
		"kernel: linear, C: 1": {
			"mean": 0.7302024182296061,
			"std": 0.009167475873476999
		},
		"kernel: linear, C: 2": {
			"mean": 0.7302024182296061,
			"std": 0.009167475873476999
		},
		"kernel: linear, C: 4": {
			"mean": 0.7302024182296061,
			"std": 0.009167475873476999
		},
		"kernel: poly, C: 0.5": {
			"mean": 0.705945084853008,
			"std": 0.01107477476895874
		},
		"kernel: poly, C: 1": {
			"mean": 0.7087819855008978,
			"std": 0.010741403701022549
		},
		"kernel: poly, C: 2": {
			"mean": 0.7172928395472342,
			"std": 0.01001014437328602
		},
		"kernel: poly, C: 4": {
			"mean": 0.7257214229508728,
			"std": 0.011066046949172797
		},
		"kernel: rbf, C: 0.5": {
			"mean": 0.7325052019112206,
			"std": 0.008608505644225984
		},
		"kernel: rbf, C: 1": {
			"mean": 0.7362053189964739,
			"std": 0.009144546222364765
		},
		"kernel: rbf, C: 2": {
			"mean": 0.7369041969519978,
			"std": 0.008798479652294907
		},
		"kernel: rbf, C: 4": {
			"mean": 0.7373153980628204,
			"std": 0.007707066739799336
		},
		"kernel: sigmoid, C: 0.5": {
			"mean": 0.5478578367350251,
			"std": 0.00928717007713641
		},
		"kernel: sigmoid, C: 1": {
			"mean": 0.5424304755608194,
			"std": 0.010348223239247379
		},
		"kernel: sigmoid, C: 2": {
			"mean": 0.5306307393406451,
			"std": 0.009199911790286765
		},
		"kernel: sigmoid, C: 4": {
			"mean": 0.5302607411523569,
			"std": 0.008822793545763678
		}
	}
}
