{"(0,)": {"mean": 0.5215513806046894, "std": 0.00012519425504850458}, "(1,)": {"mean": 0.5489020823410337, "std": 0.01012110582139006}, "(2,)": {"mean": 0.5215513806046894, "std": 0.00012519425504850458}, "(3,)": {"mean": 0.5215513806046894, "std": 0.00012519425504850458}, "(4,)": {"mean": 0.525293985716296, "std": 0.0023471493352793292}, "(5,)": {"mean": 0.5215513806046894, "std": 0.00012519425504850458}, "(6,)": {"mean": 0.5356175171577648, "std": 0.006385123482341969}, "(7,)": {"mean": 0.5628030178992833, "std": 0.00824411350729024}, "(8,)": {"mean": 0.6631162012329777, "std": 0.006965381342882411}, "(9,)": {"mean": 0.723533082146182, "std": 0.006296922975130499}, "(0, 1)": {"mean": 0.5659704725421638, "std": 0.010616664719082465}, "(0, 2)": {"mean": 0.5185901438924851, "std": 0.0060478723847945766}, "(0, 3)": {"mean": 0.5215513806046894, "std": 0.00012519425504850458}, "(0, 4)": {"mean": 0.525293985716296, "std": 0.0023471493352793292}, "(0, 5)": {"mean": 0.5215513806046894, "std": 0.00012519425504850458}, "(0, 6)": {"mean": 0.5356175171577648, "std": 0.006385123482341969}, "(0, 7)": {"mean": 0.5600889653110048, "std": 0.014075920440607296}, "(0, 8)": {"mean": 0.6631162012329777, "std": 0.006965381342882411}, "(0, 9)": {"mean": 0.729661164590054, "std": 0.0073807511412455305}, "(1, 2)": {"mean": 0.5489020823410337, "std": 0.01012110582139006}, "(1, 3)": {"mean": 0.5489020823410337, "std": 0.01012110582139006}, "(1, 4)": {"mean": 0.5489020823410337, "std": 0.01012110582139006}, "(1, 5)": {"mean": 0.5489020823410337, "std": 0.01012110582139006}, "(1, 6)": {"mean": 0.5489020823410337, "std": 0.01012110582139006}, "(1, 7)": {"mean": 0.5489020823410337, "std": 0.01012110582139006}, "(1, 8)": {"mean": 0.6631162012329777, "std": 0.006965381342882411}, "(1, 9)": {"mean": 0.723533082146182, "std": 0.006296922975130499}, "(2, 3)": {"mean": 0.5215513806046894, "std": 0.00012519425504850458}, "(2, 4)": {"mean": 0.525293985716296, "std": 0.0023471493352793292}, "(2, 5)": {"mean": 0.5215513806046894, "std": 0.00012519425504850458}, "(2, 6)": {"mean": 0.5356175171577648, "std": 0.006385123482341969}, "(2, 7)": {"mean": 0.5625974257940201, "std": 0.007493284285836202}, "(2, 8)": {"mean": 0.6631162012329777, "std": 0.006965381342882411}, "(2, 9)": {"mean": 0.723533082146182, "std": 0.006296922975130499}, "(3, 4)": {"mean": 0.525293985716296, "std": 0.0023471493352793292}, "(3, 5)": {"mean": 0.5215513806046894, "std": 0.00012519425504850458}, "(3, 6)": {"mean": 0.5356175171577648, "std": 0.006385123482341969}, "(3, 7)": {"mean": 0.5625975272792223, "std": 0.008295708776391571}, "(3, 8)": {"mean": 0.6631162012329777, "std": 0.006965381342882411}, "(3, 9)": {"mean": 0.723533082146182, "std": 0.006296922975130499}, "(4, 5)": {"mean": 0.525293985716296, "std": 0.0023471493352793292}, "(4, 6)": {"mean": 0.5388254136536837, "std": 0.006150845411002846}, "(4, 7)": {"mean": 0.533602037958172, "std": 0.011752817842832924}, "(4, 8)": {"mean": 0.6631162012329777, "std": 0.006965381342882411}, "(4, 9)": {"mean": 0.723533082146182, "std": 0.006296922975130499}, "(5, 6)": {"mean": 0.5356175171577648, "std": 0.006385123482341969}, "(5, 7)": {"mean": 0.5626386118718743, "std": 0.007780569692110604}, "(5, 8)": {"mean": 0.6631162012329777, "std": 0.006965381342882411}, "(5, 9)": {"mean": 0.723533082146182, "std": 0.006296922975130499}, "(6, 7)": {"mean": 0.5356175171577648, "std": 0.006385123482341969}, "(6, 8)": {"mean": 0.6631162012329777, "std": 0.006965381342882411}, "(6, 9)": {"mean": 0.723533082146182, "std": 0.006296922975130499}, "(7, 8)": {"mean": 0.6631162012329777, "std": 0.006965381342882411}, "(7, 9)": {"mean": 0.723533082146182, "std": 0.006296922975130499}, "(8, 9)": {"mean": 0.723533082146182, "std": 0.006296922975130499}, "(0, 1, 2)": {"mean": 0.5659704725421638, "std": 0.010616664719082465}}