{
	"[0, 1, 2, 5, 6, 8, 9]": {
		"kernel: linear, C: 0.5": {
			"mean": 0.729661164590054,
			"std": 0.0073807511412455305
		},
		"kernel: linear, C: 1": {
			"mean": 0.729661164590054,
			"std": 0.0073807511412455305
		},
		"kernel: linear, C: 2": {
			"mean": 0.729661164590054,
			"std": 0.0073807511412455305
		},
		"kernel: linear, C: 4": {
			"mean": 0.729661164590054,
			"std": 0.0073807511412455305
		},
		"kernel: poly, C: 0.5": {
			"mean": 0.7479637501623764,
			"std": 0.01150716291894199
		},
		"kernel: poly, C: 1": {
			"mean": 0.748046003918682,
			"std": 0.011475413665332806
		},
		"kernel: poly, C: 2": {
			"mean": 0.748046003918682,
			"std": 0.011475413665332806
		},
		"kernel: poly, C: 4": {
			"mean": 0.7482516805949468,
			"std": 0.01134603034277779
		},
		"kernel: rbf, C: 0.5": {
			"mean": 0.7471411618567191,
			"std": 0.010763024190737767
		},
		"kernel: rbf, C: 1": {
			"mean": 0.7469766374299075,
			"std": 0.010690713388961737
		},
		"kernel: rbf, C: 2": {
			"mean": 0.7468944005878023,
			"std": 0.010776026734160882
		},
		"kernel: rbf, C: 4": {
			"mean": 0.7470588742720128,
			"std": 0.010955685771342821
		},
		"kernel: sigmoid, C: 0.5": {
			"mean": 0.6836805536762001,
			"std": 0.007346979910011266
		},
		"kernel: sigmoid, C: 1": {
			"mean": 0.6836805536762001,
			"std": 0.007346979910011266
		},
		"kernel: sigmoid, C: 2": {
			"mean": 0.6835160123351881,
			"std": 0.007345389886239833
		},
		"kernel: sigmoid, C: 4": {
			"mean": 0.6836805536762001,
			"std": 0.007346979910011266
		}
	}
}
