{"(0,)": {"mean": 0.5215513806046894, "std": 0.00012519425504850458}, "(1,)": {"mean": 0.5489020823410337, "std": 0.01012110582139006}, "(2,)": {"mean": 0.5215513806046894, "std": 0.00012519425504850458}, "(3,)": {"mean": 0.5215513806046894, "std": 0.00012519425504850458}, "(4,)": {"mean": 0.525293985716296, "std": 0.0023471493352793292}, "(5,)": {"mean": 0.5215513806046894, "std": 0.00012519425504850458}, "(6,)": {"mean": 0.5356175171577648, "std": 0.006385123482341969}, "(7,)": {"mean": 0.5628030178992833, "std": 0.00824411350729024}, "(8,)": {"mean": 0.6631162012329777, "std": 0.006965381342882411}, "(9,)": {"mean": 0.723533082146182, "std": 0.006296922975130499}, "(0, 1)": {"mean": 0.5659704725421638, "std": 0.010616664719082465}}