{"(0,)": {"mean": 0.5215513806046894, "std": 0.00012519425504850458}}