{"[0, 1, 3, 5, 6, 7, 8, 9]": {"min_samples_split:2, min_samples_leaf:1": {"mean": 0.7542567798880685, "std": 0.005677301548611335}, "min_samples_split:2, min_samples_leaf:2": {"mean": 0.7547503531685034, "std": 0.00556396857992464}, "min_samples_split:2, min_samples_leaf:5": {"mean": 0.7556961106811146, "std": 0.005162734125740384}, "min_samples_split:2, min_samples_leaf:7": {"mean": 0.7567656463118925, "std": 0.005579905156266998}, "min_samples_split:2, min_samples_leaf:10": {"mean": 0.755819533601074, "std": 0.005762046881571195}, "min_samples_split:2, min_samples_leaf:15": {"mean": 0.7554904340048496, "std": 0.005956235364042381}, "min_samples_split:5, min_samples_leaf:1": {"mean": 0.7539689001980993, "std": 0.006328901652247464}, "min_samples_split:5, min_samples_leaf:2": {"mean": 0.7547914715895561, "std": 0.005636164005620599}, "min_samples_split:5, min_samples_leaf:5": {"mean": 0.7556961106811146, "std": 0.005162734125740384}, "min_samples_split:5, min_samples_leaf:7": {"mean": 0.7566833756413864, "std": 0.005547040729536267}, "min_samples_split:5, min_samples_leaf:10": {"mean": 0.755819533601074, "std": 0.005762046881571195}, "min_samples_split:5, min_samples_leaf:15": {"mean": 0.7554904340048496, "std": 0.005956235364042381}, "min_samples_split:10, min_samples_leaf:1": {"mean": 0.7540511708686051, "std": 0.006291407878265698}, "min_samples_split:10, min_samples_leaf:2": {"mean": 0.7547092347474507, "std": 0.0055942941526574}, "min_samples_split:10, min_samples_leaf:5": {"mean": 0.7556961106811146, "std": 0.005162734125740384}, "min_samples_split:10, min_samples_leaf:7": {"mean": 0.7567656463118925, "std": 0.005579905156266998}, "min_samples_split:10, min_samples_leaf:10": {"mean": 0.755819533601074, "std": 0.005762046881571195}, "min_samples_split:10, min_samples_leaf:15": {"mean": 0.7554904340048496, "std": 0.005956235364042381}, "min_samples_split:20, min_samples_leaf:1": {"mean": 0.7548736576890601, "std": 0.006248717807228396}, "min_samples_split:20, min_samples_leaf:2": {"mean": 0.7550792667085237, "std": 0.005674824962102803}, "min_samples_split:20, min_samples_leaf:5": {"mean": 0.7559428888642317, "std": 0.005263664897916805}, "min_samples_split:20, min_samples_leaf:7": {"mean": 0.7565599696356275, "std": 0.005761008333286461}, "min_samples_split:20, min_samples_leaf:10": {"mean": 0.755819533601074, "std": 0.005762046881571195}, "min_samples_split:20, min_samples_leaf:15": {"mean": 0.7554904340048496, "std": 0.005956235364042381}}}